epoch,upstream_bytes,llvm_bytes,iso_bytes,winsdk_bytes,total_bytes
1786729571,516113375,0,0,0,634161653
1786729581,516113375,0,0,0,638257653
1786729591,516113375,0,0,0,645679605
1786729601,516113375,0,0,0,657164789
1786729611,516113375,0,0,0,661506549
1786729621,516113375,0,0,0,665750005
1786729631,516113375,0,0,0,669583861
1786729641,516113375,0,0,0,677038581
1786729651,516113375,0,0,0,687180277
1786729661,516113375,0,0,0,694307317
1786729671,516113375,0,0,0,700008949
1786729681,516113375,0,0,0,704645621
1786729691,516113375,0,0,0,710019573
1786729701,516113375,0,0,0,715426293
1786729711,516113375,0,0,0,732252661
1786729721,516113375,0,0,0,740133365
1786729731,516113375,0,0,0,749996533
1786729741,516113375,0,0,0,755321333
1786729751,516113375,0,0,0,761268725
1786729761,516113375,0,0,0,766462453
1786729771,516113375,0,0,0,772000245
1786729781,516113375,0,0,0,778144245
1786729791,516113375,0,0,0,789039605
1786729801,516113375,0,0,0,798411253
1786729812,516113375,0,0,0,808192501
1786729822,516113375,0,0,0,814549493
1786729832,516113375,0,0,0,822053365
1786729842,516113375,0,0,0,832424437
1786729852,516113375,0,0,0,844286453
1786729862,516113375,0,0,0,852986357
1786729872,516113375,0,0,0,857426421
1786729882,516113375,0,0,0,861506037
1786729892,516113375,0,0,0,866060789
1786729902,516113375,0,0,0,873187829
1786729912,516113375,0,0,0,879102453
1786729922,516113375,0,0,0,886000117
1786729932,516113375,0,0,0,898468341
1786729942,516113375,0,0,0,906725877
1786729952,516113375,0,0,0,914885109
1786729962,516113375,0,0,0,919800309
1786729972,516113375,0,0,0,923929077
1786729982,516113375,0,0,0,927140341
1786729992,516113375,0,0,0,932399605
1786730002,516113375,0,0,0,937478645
1786730012,516113375,0,0,0,941296117
1786730022,516113375,0,0,0,944884213
1786730032,516113375,0,0,0,950389237
1786730042,516113375,0,0,0,956746229
1786730052,516113375,0,0,0,961743349
1786730062,516113375,0,0,0,971901429
1786730072,516113375,0,0,0,979782133
1786730082,516113375,0,0,0,987154933
1786730092,516113375,0,0,0,992299509
1786730102,516113375,0,0,0,999803381
1786730112,516113375,0,0,0,1007815157
1786730123,516113375,0,0,0,1012419061
1786730133,516113375,0,0,0,1016515061
1786730143,516113375,0,0,0,1023724021
1786730153,516113375,0,0,0,1028688373
1786730163,516113375,0,0,0,1034979829
1786730173,516113375,0,0,0,1041385973
1786730183,516113375,0,0,0,1050905077
1786730193,516113375,0,0,0,1058966005
1786730203,516113375,0,0,0,1066682869
1786730213,516113375,0,0,0,1073777141
1786730223,516113375,0,0,0,1080166901
1786730233,516113375,0,0,0,1086327285
1786730243,516113375,0,0,0,1102547445
1786730253,516113375,0,0,0,1109805557
1786730263,516113375,0,0,0,1114098165
1786730273,516113375,0,0,0,1119619573
1786730283,516113375,0,0,0,1124780533
1786730293,516113375,0,0,0,1128368629
1786730303,516113375,0,0,0,1133349365
1786730313,516113375,0,0,0,1133349365
1786730323,516113375,0,0,0,1133349365
1786730333,516113375,0,0,0,1133349365
1786730343,516113375,0,0,0,1133349365
1786730353,516113375,0,0,0,1133349365
1786730363,516113375,0,0,0,1133349365
1786730373,516113375,0,0,0,1133349365
1786730383,516113375,0,0,0,1133349365
1786730393,516113375,0,0,0,1133349365
1786730403,516113375,0,0,0,1133349677
1786730413,516113375,0,0,0,1145930407
1786730424,516113375,0,0,0,1158333095
1786730434,516113375,0,0,0,1164460711
1786730446,516113375,0,655404852,0,1171522215
1786730457,516113375,0,661335860,0,1177453223
1786730467,516113375,0,666595124,0,1182712487
1786730477,516113375,0,671199028,0,1187316391
1786730487,516113375,0,677277492,0,1193411239
1786730497,516113375,0,689123124,0,1205240487
1786730507,516113375,0,695693108,0,1211876007
1786730517,516113375,0,704704308,0,1220838055
1786730527,516113375,0,712093492,0,1228243623
1786730537,516113375,0,717762356,0,1233896103
1786730547,516113375,0,725069620,0,1241186983
1786730557,516113375,0,731442996,0,1247560359
1786730567,516113375,0,737652532,0,1253786279
1786730577,516113375,0,743386932,0,1259504295
1786730587,516113375,0,746811188,0,1262944935
1786730597,516113375,0,757362484,0,1273496231
1786730607,516113375,0,765275956,0,1281393319
1786730617,516113375,0,769371956,0,1285489319
1786730627,516113375,0,782561076,0,1298858663
1786730637,516113375,0,790507316,0,1306641063
1786730647,516113375,0,797847348,0,1313964711
1786730657,516113375,0,804400948,0,1320518311
1786730667,516113375,0,804400948,0,1320518623
1786730677,516113375,0,1552509017,0,2068626692
1786730687,516113375,0,1552509017,0,2068626692
1786730697,516113375,0,1552509017,0,2068626692
1786730707,516113375,0,1552509017,0,2068626692
1786730717,516113375,0,1552509017,0,2068626692
1786730727,516113375,0,1552509017,0,2068626692
1786730737,516113375,0,1552509017,0,2068626692
1786730745,516113375,0,988270592,0,2068626692
1786730755,516113375,0,1034948608,0,2068626692
1786730765,516113375,0,1053691904,0,2068626692
1786730775,516113375,0,1092538368,0,2068626692
1786730785,516113375,0,1129697280,0,2068626692
1786730795,516113375,0,1157926912,0,2068626692
1786730805,516113375,0,1182175232,0,2068626692
1786730815,516113375,0,1203113984,0,2068626692
1786730825,516113375,0,1229754368,0,2068626692
1786730835,516113375,0,1255936000,0,2068626692
1786730845,516113375,0,1283805184,0,2068626692
1786730855,516113375,0,1316327424,0,2068626692
1786730865,516113375,0,1332416512,0,2068626692
1786730875,516113375,0,1353256960,0,2068626692
1786730885,516113375,0,1363333120,0,2068626692
1786730895,516113375,0,1367429120,0,2068626692
1786730905,516113375,0,1375735808,0,2068626958
1786730915,516113375,0,1375735808,0,2068626958
1786730925,516113375,0,1375735808,0,2068626958
1786730935,516113375,0,1375735808,0,2068626958
1786730945,516113375,0,1375735808,0,2068626958
1786730955,516113375,0,1375735808,0,2068626958
1786730966,516113375,0,1375735808,0,2068626958
1786730976,516113375,0,1375735808,0,2068626958
1786730986,516113375,0,1375735808,0,2068626958
1786730996,516113375,0,1375735808,0,2068626958
1786731006,516113375,0,1375735808,0,2068626958
1786731016,516113375,0,1375735808,0,2068626958
1786731026,516113375,0,1375735808,0,2068626958
1786731036,516113375,0,1375735808,0,2068626958
1786731046,516113375,0,1375735808,0,2068626958
1786731056,516113375,0,1375735808,0,2068626958
1786731066,516113375,0,1375735808,0,2068626958
1786731076,516113375,0,1375735808,0,2068626958
1786731086,516113375,0,1375735808,0,2068626958
1786731096,516113375,0,1375735808,0,2068626958
1786731106,516113375,0,1375735808,0,2068626958
1786731116,516113375,0,1375735808,0,2068626958
1786731126,516113375,0,1375735808,0,2068626958
1786731136,516113375,0,1375735808,0,2068626958
1786731146,516113375,0,1375735808,0,2068626958
1786731156,516113375,0,1375735808,0,2068626958
1786731166,516113375,0,1375735808,0,2068626958
1786731176,516113375,0,1375735808,0,2068626958
1786731186,516113375,0,1375735808,0,2068626958
1786731197,516113375,0,1375735808,0,2068626958
1786731207,516113375,0,1375735808,0,2068626958
1786731217,516113375,0,1375735808,0,2068626958
1786731227,516113375,0,1375735808,0,2068626958
1786731237,516113375,0,1375735808,0,2068626958
1786731247,516113375,0,1375735808,0,2068626958
1786731257,516113375,0,1375735808,0,2068626958
1786731267,516113375,0,1375735808,0,2068626958
1786731277,516113375,0,1375735808,0,2068626958
1786731287,516113375,0,1423904768,0,2068626958
1786731297,516113375,0,1453297664,0,2068626958
1786731307,516113375,0,1482985472,0,2068626958
1786731317,516113375,0,1511493632,0,2068626958
1786731327,516113375,0,1528303616,0,2068626958
1786731337,516113375,0,1543737344,0,2068626958
1786731347,516113375,0,1548730368,0,2068626958
1786731357,516113375,26214400,1552510976,0,3113556883
1786731367,516113375,141893632,1552510976,0,3113556915
1786731377,516113375,259719168,1552510976,0,3113556915
1786731387,516113375,377683968,1552510976,0,3113556915
1786731397,516113375,495374336,1552510976,0,3113556915
1786731407,516113375,610701312,1552510976,0,3113556915
1786731417,516113375,728387584,1552510976,0,3113556915
1786731427,516113375,846098432,1552510976,0,3113556915
1786731437,516113375,963739648,1552510976,0,3113556915
1786731447,516113375,1044930560,1552510976,554193286,3716190709
1786731458,516113375,1044930560,1552510976,585863777,4016453520
1786731468,516113375,1044930560,1552510976,585863777,4461208652
1786731478,516113375,1044930560,1552510976,585863777,4691360684
1786731488,516113375,1044930560,1552510976,585863777,4794437555
1786731498,516113375,1044930560,1552510976,585863777,4794437555
1786731508,516113375,1044930560,1552510976,585863777,4919059617
1786731518,516113375,1044930560,1552510976,585863777,4919059617
1786731528,516113375,1044930560,1552510976,585863777,4919059617
1786731538,516113375,1044930560,1552510976,585863777,4919059617
1786731548,516113375,1044930560,1552510976,585936891,4920987931
1786731558,516113375,1044930560,1552510976,585936891,4991599894
1786731568,516113375,1044930560,1552510976,585936891,5024982344
1786731578,516113375,1044930560,1552510976,585936891,5056035391
1786731588,516113375,1044930560,1552510976,585936891,5099609728
1786731599,516113375,1044930560,1552510976,585936891,5129218345
1786731609,516113375,1044930560,1552510976,585936891,5153872046
1786731619,516113375,1044930560,1552510976,585936891,5174621893
1786731629,516113375,1044930560,1552510976,585936891,5355032584
